,index,Date,Open,Close,High,Low,Volume,sma7,sma25,sma99,bb_sma,bb_ub,bb_lb,psar,RSI,twap
35981,36081,2020-01-10 00:00:00,7817.4,7822.5,7848.9,7806.8,0.08041679245,7826.424871757142,7889.1372748516,7889.942442683233,7868.4165935645,7970.18657311282,7766.646614016179,7990.3376,41.137752482496275,
35982,36082,2020-01-10 01:00:00,7822.5,7797.9,7831.88667699,7791.1,0.04787196922,7824.496300328572,7882.7612748516,7894.392947733737,7861.1615935644995,7961.304340320082,7761.018846808917,7985.650848,39.028886544346896,7816.514446165
35983,36083,2020-01-10 02:00:00,7798.3,7804.6,7813.6,7796.3,0.026647595590000003,7809.024871757143,7875.141274851599,7898.837392178182,7855.736593564499,7955.7924299182805,7755.680757210718,7981.057831040001,39.93206894026839,7805.897779498333
35984,36084,2020-01-10 03:00:00,7804.1,7809.2,7809.4,7772.4,0.11754163005,7807.4820146142865,7868.189274851599,7903.080826521616,7848.8965935645,7941.781804380363,7756.0113827486375,7976.5566744192,40.58284401486241,7800.916666666666
35985,36085,2020-01-10 04:00:00,7809.2,7784.0,7809.2,7770.0,0.07115392539,7806.467728900001,7861.3732748515995,7906.631331572121,7841.1715935645,7928.495813404113,7753.847373724887,7972.145540930816,38.14475024284787,7792.366666666667
35986,36086,2020-01-10 05:00:00,7784.0,7742.2,7785.0,7737.0,0.19905101414,7796.835923614286,7852.249274851601,7908.485433719092,7834.101593564499,7929.099599346771,7739.103587782227,7967.8226301122,34.447905807826274,7771.233333333334
35987,36087,2020-01-10 06:00:00,7739.3,7746.0,7774.92665958,7721.0,0.18583503333999998,7786.628571428571,7844.3692748516005,7910.515736749395,7826.838705115,7925.39140872053,7728.28600150947,7958.5897249077125,35.06403768556673,7751.0211099299995
35988,36088,2020-01-10 07:00:00,7743.7,7744.5,7745.1,7723.5,0.07290203115,7775.4857142857145,7837.625274851601,7912.554120587779,7820.393705114999,7922.710980898181,7718.076429331816,7944.33434141325,34.924494195958644,7742.504443263333
35989,36089,2020-01-10 08:00:00,7745.0,7702.0,7745.0,7687.3,0.37138130971,7761.785714285715,7827.865274851601,7914.27129230495,7810.718705114999,7919.206608586296,7702.230801643701,7930.934280928454,31.142790224261034,7724.566666666667
35990,36090,2020-01-10 09:00:00,7701.9842442,7730.1,7750.0,7693.9,0.25815843973,7751.142857142857,7819.529274851599,7916.325837759495,7802.413705115,7908.866501543474,7695.960908686526,7911.443538454178,36.071718599045504,7718.05
35991,36091,2020-01-10 10:00:00,7730.18798687,7772.5,7784.5,7675.8,0.31077024776,7745.9,7815.085274851599,7918.843009476667,7796.703705114999,7896.50306141101,7696.904348818988,7893.512055377844,42.73291699956992,7734.466666666667
35992,36092,2020-01-10 11:00:00,7772.45294149,7831.4,7846.2,7772.45294149,0.34409012349,7752.671428571428,7812.690964092,7921.590678318586,7793.243705114999,7882.652338225471,7703.835072004527,7871.74084984006,50.455905015586175,7780.475490248333
35993,36093,2020-01-10 12:00:00,7831.6,7895.8,7896.0,7809.73174155,0.22051105814,7774.614285714286,7813.586964092,7925.085627813535,7796.803705115,7896.051498808392,7697.5559114216085,7675.8,57.24514273849991,7841.930780506666
35994,36094,2020-01-10 13:00:00,7895.8,7861.8,7932.0,7852.6,0.30138767369999997,7791.157142857142,7812.238964091999,7928.02805205596,7800.348705114999,7903.488364683677,7697.20904554632,7680.204,53.10741410785234,7874.6552902583335
35995,36095,2020-01-10 14:00:00,7861.8,7964.3,7965.0,7845.9,0.55375774153,7822.557142857143,7814.962964092,7932.186058375555,7807.993705115,7933.5149561886965,7682.4724540413035,7690.275839999999,62.020070237713426,7903.6
35996,36096,2020-01-10 15:00:00,7964.3,8050.5,8072.6,7938.2,0.9534754585099999,7872.342857142858,7821.514964092,7937.117371506868,7814.873705115,7973.388819036585,7656.358591193415,7706.7592896,67.59766940682914,7972.75
35997,36097,2020-01-10 16:00:00,8055.1,7942.1,8135.1,7924.1,0.8336392120399999,7902.628571428571,7823.174964092,7941.231230274344,7820.978705115,7988.937055558654,7653.020354671346,7736.026546432,56.383828192307455,8010.433333333334
35998,36098,2020-01-10 17:00:00,7942.0,7961.2,7962.5,7911.0,0.21350696342,7929.585714285715,7828.638964091999,7945.303336229898,7829.483705115,8007.457080336477,7651.510329893523,7775.9338917888,57.71489205084696,7972.666666666668
35999,36099,2020-01-10 18:00:00,7961.7,8010.0,8097.2,7961.7,0.66935574518,7955.099999999999,7837.402964092,7950.071012997575,7839.502573265,8033.696665734775,7645.3084807952255,7811.85050260992,60.99050662545847,7983.933333333334
36000,36100,2020-01-10 19:00:00,8012.1,8050.5,8100.0,7957.5,0.74404448656,7977.199999999999,7846.966964092,7955.207376633939,7851.155000000001,8065.572727579036,7636.737272420965,7844.175452348928,63.51644301342624,8029.483333333334
36001,36101,2020-01-10 20:00:00,8050.18576203,8055.5,8080.0,8035.2303831,0.24342288248,8004.8714285714295,7852.670964092,7960.187174613737,7862.805,8094.363255953339,7631.246744046662,7873.267907114036,63.82784838967908,8046.45506385
36002,36102,2020-01-10 21:00:00,8055.4423008,8039.0,8117.53456937,8011.1,0.40797412265000005,8015.542857142857,7861.430964092,7965.202889235354,7874.860000000001,8116.5298938638125,7633.190106136189,7899.451116402632,61.94870555664131,8056.394158745
36003,36103,2020-01-10 22:00:00,8039.4,8078.2,8083.6,7975.0,0.22095803088,8019.5,7872.914964092,7970.527131659596,7888.540000000001,8143.369169445218,7633.710830554784,7923.0160047623685,64.61412940006903,8050.739094895001
36004,36104,2020-01-10 23:00:00,8078.26041,8184.5,8185.9,8055.7,0.41006451591000004,8054.128571428571,7887.910058612,7976.846323578788,7907.305,8189.774293729655,7624.835706270345,7944.224404286132,70.62349755793684,8093.8166666666675
36005,36105,2020-01-11 00:00:00,8180.3,8155.6,8189.0,8119.5,0.25913118219000003,8081.9,7901.436000000001,7982.606929639394,7925.884999999999,8222.022287588241,7629.747712411757,7973.2254757717965,67.27828953606107,8148.366666666667
36006,36106,2020-01-11 01:00:00,8155.6,8196.65936703,8243.0,8151.2,0.32751973096,8108.56562386143,7916.402374681201,7987.47318587202,7948.607968351501,8254.463613485601,7642.752323217401,8003.433909163745,69.48946317151787,8175.826561171667
36007,36107,2020-01-11 02:00:00,8196.6593412,8197.3901988,8199.1,8160.0,0.17620254242,8129.549937975716,7932.381982633199,7991.912480809394,7971.1774782915,8280.497161490193,7661.857795092807,8041.764483697546,69.5289329205456,8191.224927638334
36008,36108,2020-01-11 03:00:00,8198.3,8149.0,8198.8,8131.0,0.05999271161,8142.907080832859,7946.1579826332,7994.662985859899,7991.4024782915,8291.552603939592,7691.252352643409,8073.962166305939,63.656947154012464,8172.548366466666
36009,36109,2020-01-11 04:00:00,8149.0,8113.7,8164.7,8087.5,0.14541234317,8153.578509404287,7958.3379826332,7996.855915152829,8011.987478291501,8285.182842273965,7738.792114309037,8243.0,59.69627714005743,8140.783333333333
36010,36110,2020-01-11 05:00:00,8113.70282015,8074.9715508,8113.70282015,8038.1,0.18526685789000003,8153.117302375715,7969.9768446652,7998.6899712215145,8029.2310558315,8270.783600074847,7787.678511588154,8239.89,55.608351748705644,8098.779061825
36011,36111,2020-01-11 06:00:00,8074.9715508,8110.2,8114.0,8062.0,0.05010982309,8142.503016661429,7984.6968446652,8000.865728797274,8046.1160558315005,8259.039153941372,7833.192957721628,8231.8184,58.399014970528555,8085.495728491667
36012,36112,2020-01-11 07:00:00,8108.5,8065.4,8134.4,8065.3,0.09693151038,8129.617302375715,7997.4728446652,8003.194011625556,8057.816055831501,8246.608171352442,7869.023940310561,8224.069664,53.76973716514864,8091.883333333333
36013,36113,2020-01-11 08:00:00,8065.3,8058.7,8077.2,8037.0,0.10131534587999999,8109.908821371428,8010.0408446652,8005.018254049798,8065.961055831499,8239.533561099146,7892.388550563851,8216.63087744,53.09191219822521,8073.0
36014,36114,2020-01-11 09:00:00,8058.7,8106.03140941,8111.6,8056.2,0.10044682848,8096.857565744285,8026.2021010416,8007.395338993334,8078.172626302,8224.85494996437,7931.49030263963,8205.8530247936,57.19691999560359,8074.455234901667
36015,36115,2020-01-11 10:00:00,8106.03140941,8042.6,8106.03140941,8040.7,0.09524161865000001,8081.657565744285,8038.7021010416,8009.058975356969,8082.087626301999,8220.341315291522,7943.833937312476,8195.721843305984,50.7829910891912,8077.193803136666
36016,36116,2020-01-11 11:00:00,8042.7,8031.6,8051.3,7991.8,0.39092082018,8069.928994315714,8049.066101041601,8010.596349094344,8081.142626301999,8220.500994813026,7941.784257790972,8186.198532707625,49.741293684103674,8044.005234901667
36017,36117,2020-01-11 12:00:00,8031.6,8038.1,8041.7,8015.0,0.09063892822,8064.661629915715,8057.3341010416,8012.395338993334,8085.942626302001,8211.770119418792,7960.11513318521,8170.6466500910155,50.38889476143434,8028.25
36018,36118,2020-01-11 13:00:00,8038.0,8076.7,8076.7,8035.6,0.16679673903,8059.87591563,8064.5701010416005,8014.3822076802035,8091.717626301999,8203.985592298097,7979.4496603059015,8156.338918083734,54.1658679356958,8047.299999999999
36019,36119,2020-01-11 14:00:00,8075.1,8044.5,8096.8,8044.5,0.10146357211,8056.890201344286,8071.878101041601,8015.8024097004045,8093.442626302,8201.620907144008,7985.264345459991,8143.175804637035,50.69839964045771,8062.466666666667
36020,36120,2020-01-11 15:00:00,8044.5,8087.6,8090.6,8044.4,0.07614996493,8061.018772772857,8076.810101041599,8017.948874346869,8095.297626302,8201.725018319328,7988.870234284673,8131.065740266073,54.863458588018105,8068.066666666667
36021,36121,2020-01-11 16:00:00,8090.3,8148.5,8150.0,8068.0,0.28816205771,8067.085714285714,8080.7301010415995,8020.872106670101,8099.947626302,8207.137308982625,7992.757943621374,7991.8,60.00497067110217,8098.183333333333
36022,36122,2020-01-11 17:00:00,8149.8,8146.5,8196.2,8136.05539537,0.23444286747999998,8081.928571428572,8088.906101041599,8023.781197579192,8105.322626302,8210.510874895579,8000.13437770842,7994.964,59.7642013825483,8140.875899228334
36023,36123,2020-01-11 18:00:00,8146.6,8150.0,8176.1,8130.2,0.11066488408,8098.842857142858,8096.4581010416,8027.616551114546,8108.912626301999,8215.049808358004,8002.775444245994,8003.01344,60.066180867680636,8155.842565895001
36024,36124,2020-01-11 19:00:00,8149.5,8142.4,8156.6,8128.1,0.04681345675,8113.742857142856,8101.754101041601,8029.792308690304,8106.807626301999,8208.439156555736,8005.1760960482625,8010.7409024,59.030158820636736,8147.233333333334
36025,36125,2020-01-11 20:00:00,8141.5,8144.5,8172.2,8136.4,0.11019185828,8123.428571428572,8105.514101041601,8031.839783437778,8106.252626302,8206.929037156267,8005.576215447732,8018.159266304,59.239362985592095,8146.699999999999
36026,36126,2020-01-11 21:00:00,8144.4,8091.0,8282.4,8042.6,0.6202410989899999,8130.071428571428,8106.934101041601,8032.335743033737,8100.969657950499,8192.817104578578,8009.12221132242,8025.28089565184,51.95998554679932,8144.85
36027,36127,2020-01-11 22:00:00,8091.4,8064.8,8091.4,8020.0,0.25957318611,8126.814285714287,8107.9661010416,8032.2529147509085,8094.3401480105,8175.963775322891,8012.71652069811,8282.4,48.79760206898909,8098.7
36028,36128,2020-01-11 23:00:00,8064.8,8013.7,8065.8,8000.0,0.16088769629000002,8107.557142857143,8105.3861010416,8030.785237983233,8087.5751480105,8172.324085738141,8002.826210282859,8282.4,43.2666141087832,8042.616666666667
36029,36129,2020-01-12 00:00:00,8013.63408437,8060.2,8069.89142631,7951.7,0.28698337461,8095.228571428571,8100.4141010416,8031.191298589292,8084.9001480105,8169.559099772198,8000.241196248801,8271.104,48.938347803534555,8026.881904385
36030,36130,2020-01-12 01:00:00,8060.0,8050.99855638,8070.5,8034.5,0.12371802339,8081.085508054285,8096.2300432968,8031.337748653737,8083.7014982895,8169.559166807099,7997.8438297719,8251.93976,47.917504647819435,8039.631663781667
36031,36131,2020-01-12 02:00:00,8051.0,8080.7,8094.3,8048.1,0.0674825349,8072.27122234,8091.5916686156,8030.596334512323,8082.226498289499,8167.221818296514,7997.2311782824845,8233.9253744,51.438822280893504,8063.18309273
36032,36132,2020-01-12 03:00:00,8079.89942163,8078.0,8090.6,8059.3,0.02743162111,8062.77122234,8086.816060663599,8027.087243603232,8082.8564982894995,8167.5297719460405,7998.183224632959,8216.991851936,51.10059373926514,8075.166666666666
36033,36133,2020-01-12 04:00:00,8078.0,8064.3,8086.3,8062.9,0.054013746339999995,8058.956936625714,8083.428060663599,8024.121587037577,8083.1364982895,8167.5249519756935,7998.748044603307,8201.07434081984,49.32821661016559,8073.5666666666675
36034,36134,2020-01-12 05:00:00,8064.22022896,8082.7,8082.7,8064.2,0.045813347569999996,8061.514079482857,8082.1880606636,8022.071081987071,8081.969927819,8165.702659077481,7998.237196560519,8186.1118803706495,51.74880106170631,8073.85
36035,36135,2020-01-12 06:00:00,8082.7,8075.7,8136.8,8075.7,0.1823158296,8070.37122234,8082.217198631601,8019.769647336263,8083.624927819001,8165.466716287245,8001.783139350757,8172.0471675484105,50.755452529486895,8086.299999999999
36036,36136,2020-01-12 07:00:00,8075.7,8081.233821,8088.9,8074.9,0.06663028299,8073.376053911429,8081.0585514716,8017.187160679698,8086.106618869,8164.421802794332,8007.791434943669,8158.826337495506,51.54728127409269,8088.872303499999
36037,36137,2020-01-12 08:00:00,8081.2,8117.4,8121.4,8079.4,0.14628907607,8082.8619744285725,8083.1385514716,8014.981898410201,8090.071618869,8166.264211571518,8013.879026166483,8146.398757245775,56.473249051028056,8093.872303499998
36038,36138,2020-01-12 09:00:00,8117.8,8118.8,8142.9,8106.5,0.09666836271,8088.304831571428,8085.542551471599,8012.804120632425,8092.176618869,8169.097948947053,8015.255288790947,7951.7,56.656946452040266,8114.4
36039,36139,2020-01-12 10:00:00,8118.8,8109.7,8118.8,8086.1,0.07673381026,8092.833403,8085.6892950952,8010.831393359697,8095.436618869001,8169.471626810324,8021.401610927678,7955.523999999999,55.03119647470106,8113.799999999999
36040,36140,2020-01-12 11:00:00,8109.70100769,8098.5,8112.7,8097.5,0.06387551356,8097.719117285715,8087.9252950952,8008.665003489394,8095.981618869,8169.938286199286,8022.024951538714,7959.271519999999,53.014875571682644,8103.883333333333
36041,36141,2020-01-12 12:00:00,8098.6,8125.4,8132.1,8098.58101289,0.13622022495,8103.819117285713,8091.6772950952,8006.902098546161,8094.826618869,8166.140745807165,8023.5124919308355,7962.9440896,57.082185238143374,8110.796835481667
36042,36142,2020-01-12 13:00:00,8125.4,8151.2,8151.2,8113.3,0.14724115889,8114.604831571429,8096.2012950952,8005.068765212829,8095.061618869001,8167.082780741598,8023.040456996404,7966.543207807999,60.60462969677423,8128.630168815
36043,36143,2020-01-12 14:00:00,8150.3,8117.1,8170.52737925,8108.3,0.28398262903,8119.728571428571,8097.8172950952,8002.866745010809,8093.416618869,8161.751943275895,8025.081294462104,7973.9294794956795,54.26523754510571,8135.271229875
36044,36144,2020-01-12 15:00:00,8117.168556,8137.9,8150.4,8117.168556,0.12670789622,8122.657142857142,8101.5532950952,8001.446431896163,8093.191618869001,8160.90715605036,8025.476081687642,7985.725353480939,57.205736387824984,8133.565989208333
36045,36145,2020-01-12 16:00:00,8137.9,8086.5,8155.1,8086.5,0.20104991867000002,8118.042857142857,8101.5092950952,7998.510006262526,8090.2916188690015,8153.806967671651,8026.776270066352,7996.813475027083,48.847717835668135,8122.261425999999
36046,36146,2020-01-12 17:00:00,8086.57141851,8082.87593808,8171.5,8057.0,0.39646424822,8114.210848297143,8098.884332618401,7996.3441066471705,8089.885415773,8153.481308983562,8026.289522562439,8007.236309280458,48.311756144860674,8106.579323013333
36047,36147,2020-01-12 18:00:00,8082.8,8103.5,8111.8,8069.0,0.07522942088000001,8114.925134011428,8097.1643326184,7994.403458676161,8091.820415773,8154.595223594945,8029.045607951054,8020.377404538021,51.568479383188944,8099.279323013334
36048,36148,2020-01-12 19:00:00,8103.51078618,8110.7,8137.61215905,8103.2,0.24170568241,8112.825134011429,8095.592332618401,7994.388307161011,8096.670415773001,8148.606091036612,8044.73474050939,8032.46721217498,52.68918735179944,8105.968693175
36049,36149,2020-01-12 20:00:00,8110.7,8124.4,8130.6,8110.7,0.05638787102,8108.996562582856,8094.8723326184,7994.755983928688,8099.880415773,8150.31716515314,8049.44366639286,8043.589835200982,54.83098166533182,8119.535359841666
36050,36150,2020-01-12 21:00:00,8124.4,8099.2,8132.0,8099.2,0.07662009557,8106.439419725714,8093.0603326184,7995.273155645859,8102.290487954,8147.488245132258,8057.092730775742,8053.822648384903,50.3185548636632,8116.016666666666
36051,36151,2020-01-12 22:00:00,8099.2,8148.1,8159.6,8099.2,0.12855304068,8107.896562582857,8095.344332618399,7997.011539484242,8105.660487954,8153.867148268766,8057.453827639234,8063.236836514111,57.60895367845592,8122.883333333334
36052,36152,2020-01-12 23:00:00,8148.6,8174.7,8174.7,8139.1,0.0992999681,8120.496562582856,8099.7403326184,7998.258004130707,8110.495487954,8165.546768816846,8055.444207091154,8071.897889592982,60.96457851697549,8149.233333333334
36053,36153,2020-01-13 00:00:00,8174.6670523,8140.93758352,8199.7,8135.7878412,0.2586806862,8128.791083360001,8104.829835959199,7999.607878711718,8114.32736713,8166.58107463089,8062.073659629111,8082.178100633684,55.01214673935568,8160.82090412
36054,36154,2020-01-13 01:00:00,8141.0,8146.6159607,8155.10252499,8134.3,0.07660460931,8134.950506317144,8108.2864743872,8000.409558151616,8117.523165165,8169.465922426194,8065.580407903806,8096.280728557642,55.79390839918622,8152.073985068333
36055,36155,2020-01-13 02:00:00,8146.96504596,8117.7,8147.0,8117.7,0.06417677117,8135.950506317143,8110.954532132,8001.226729868789,8119.623165165,8167.899255076282,8071.347075253717,8108.691041130725,50.939545542843284,8136.403080948334
36056,36156,2020-01-13 03:00:00,8117.7,8100.3,8117.7,8091.0,0.13560297314,8132.507649174287,8111.738532132,8002.671174313232,8120.576474115,8166.477174094632,8074.675774135368,8199.7,48.22075492801364,8115.233333333334
36057,36157,2020-01-13 04:00:00,8100.1,8112.8,8113.9,8091.0,0.02755032836,8134.450506317143,8113.130532132001,8003.860063202122,8120.346474114999,8166.354510054299,8074.3384381757,8197.526,50.27404032086344,8104.449999999999
36058,36158,2020-01-13 05:00:00,8112.8689383,8083.9791942,8112.9,8071.9,0.07275900449,8125.290391202857,8113.917699899999,8004.880055062728,8118.605433825001,8167.274232650046,8069.9366349999555,8195.39548,45.76761031683078,8097.746532366666
36059,36159,2020-01-13 06:00:00,8083.9791942,8055.1,8102.5,8054.43959882,0.08174504883,8108.204676917143,8112.813699900001,8005.897226779899,8115.875433825,8171.817967319758,8059.932900330242,8190.455660799999,41.73104710182266,8080.136465503333
36060,36160,2020-01-13 07:00:00,8055.0,8067.3,8075.5,8054.4,0.04221371079,8097.685022128571,8112.4776999,8006.877024759696,8114.315433825,8173.740732040061,8054.890135609939,8182.294697081199,43.978883623455175,8068.206599803334
36061,36161,2020-01-13 08:00:00,8067.2,8114.9531544,8115.0,8058.6,0.08075044171000001,8093.161764085714,8113.826473236,8008.613925309192,8113.793091545,8173.002740405367,8054.583442684632,8172.0631213147035,51.800345630426534,8080.958859066666
36062,36162,2020-01-13 09:00:00,8114.9531544,8098.99626055,8119.9,8080.9,0.13269793393,8090.489801307143,8113.090323658,8010.4916653147475,8111.1829045725,8168.125543214474,8054.240265930525,8162.650071609527,49.31734268798109,8098.058235824999
36063,36163,2020-01-13 10:00:00,8099.0,8108.0,8108.0,8097.0,0.1740898855,8091.589801307143,8112.658323658001,8012.128028951111,8110.727904572501,8167.6195539435175,8053.836255201484,8153.990065880765,50.75182104214743,8102.132710091666
36064,36164,2020-01-13 11:00:00,8108.0,8070.5135133,8109.9,8070.5135133,0.07960886404999999,8085.548874635715,8111.0908641900005,8013.461498782424,8107.358580237499,8165.384654388333,8049.3325060866655,8146.022860610304,45.03655690041115,8093.987837766666
36065,36165,2020-01-13 12:00:00,8070.5135133,8081.1,8088.17148447,8053.6,0.18433939634000002,8085.137561178572,8110.39486419,8015.456448277374,8107.0885802375,8165.548996030335,8048.628164444664,8138.69303176148,46.85665730023615,8078.966418511667
36066,36166,2020-01-13 13:00:00,8081.3594784,8079.6,8097.8,8074.2,0.07725694526,8088.637561178572,8108.56286419,8017.358895055252,8106.9247833335,8165.673288826096,8048.176277840905,8130.183728585332,46.6210830276339,8079.078580744999
36067,36167,2020-01-13 14:00:00,8079.5,8079.02439,8082.8,8062.0,0.10139783683999999,8090.312474035714,8105.67583979,8019.435909095657,8105.701002833501,8165.6904761119185,8045.711529555083,8122.525355726799,46.5244202478841,8079.237398333333
36068,36168,2020-01-13 15:00:00,8079.1,8066.8,8081.1,8063.9,0.08067643976,8083.433451978572,8103.663839789999,8021.166212125959,8103.506002833499,8165.772562189059,8041.23944347794,8115.632820154119,44.41811830459105,8072.604065
36069,36169,2020-01-13 16:00:00,8066.8,8087.8,8092.7,8061.0,0.23422260266999997,8081.833986185715,8101.65983979,8023.1015656613135,8101.6760028335,8163.5286721005805,8039.82333356642,8109.429538138707,48.71366189684283,8075.550000000001
36070,36170,2020-01-13 17:00:00,8087.8,8084.5,8117.8,8080.4,0.10734709524,8078.476843328572,8101.57983979,8025.099545459292,8100.941002833501,8163.24163438828,8038.640371278723,8053.6,48.084776063642586,8087.366666666667
36071,36171,2020-01-13 18:00:00,8084.5,8097.0,8097.5,8082.9,0.04087689973,8082.260627142858,8102.144802266801,8027.083383843131,8098.386002833501,8156.811756487538,8039.960249179464,8054.884,50.68198778601977,8093.35
36072,36172,2020-01-13 19:00:00,8097.0,8105.0,8117.0,8096.9,0.12737379917,8085.674912857144,8102.2048022668005,8029.9157070754545,8094.901002833501,8141.9007001627615,8047.90130550424,8056.14232,52.32583106788998,8099.383333333333
36073,36173,2020-01-13 20:00:00,8105.0,8145.2,8159.9,8103.6,0.24136384363,8095.046341428571,8103.5848022668,8033.494494954241,8095.1141236575,8142.977620583965,8047.2506267310355,8057.3754736,59.610986788921856,8121.266666666666
36074,36174,2020-01-13 21:00:00,8145.12447745,8130.0,8149.3,8114.0,0.08073228191,8102.328571428572,8103.8088022668,8036.712676772423,8094.2833256225,8139.01665174986,8049.549999495141,8061.476454656,56.1190358940464,8133.666666666666
36075,36175,2020-01-13 22:00:00,8129.91657706,8110.3,8130.0,8102.3,0.0543318046,8108.542857142857,8104.2528022668,8038.706616166364,8093.9133256225,8137.98328716389,8049.843364081111,8065.41339646976,51.877454579751905,8122.65
36076,36176,2020-01-13 23:00:00,8111.2,8095.8,8130.0,8093.877445,0.03684034352,8109.685714285713,8102.160802266801,8041.492474752223,8093.6883256225,8137.671424608135,8049.7052266368655,8069.19286061097,48.94512043962994,8110.379574166667
36077,36177,2020-01-14 00:00:00,8095.8,8260.6,8297.7,8095.8,0.80032505391,8134.842857142857,8105.5968022668,8046.234898994646,8101.078325622501,8186.018980114764,8016.137671130238,8072.82114618653,69.82295343880925,8162.296240833333
36078,36178,2020-01-14 01:00:00,8260.6,8413.2,8467.9838016,8260.6,1.40826874968,8180.0142857142855,8116.487298926001,8052.33164003505,8117.539365912499,8277.403568472082,7957.675163352917,8086.3138774153385,78.56414994429271,8299.313966933332
36079,36179,2020-01-14 02:00:00,8413.13552394,8415.0,8415.0,8355.6,0.32228776026,8224.3,8127.222660498001,8058.367483819899,8135.534365912499,8338.458277867789,7932.61045395721,8095.8,78.6427354464572,8387.897300266664
36080,36180,2020-01-14 03:00:00,8415.1,8460.0,8468.4,8359.8,0.27500198901,8269.271428571428,8140.914660498001,8064.806877759293,8155.169365912499,8399.62873870416,7910.7099931208395,8125.574704128,80.56136921991413,8412.3
36081,36181,2020-01-14 04:00:00,8460.0,8520.0,8606.1,8454.6,1.92679995401,8324.985714285714,8157.702660498001,8072.100817153231,8175.4217081925,8465.966997354843,7884.876419030157,8159.8572337152,82.78234525590057,8478.149999999998
36082,36182,2020-01-14 05:00:00,8519.91860944,8468.0,8525.0,8450.1,0.37828380984,8376.085714285715,8171.910660498001,8078.801827254242,8193.871895164999,8508.52594172259,7879.217848607408,8213.406365669376,74.80521217234326,8503.966666666665
36083,36183,2020-01-14 06:00:00,8467.7,8489.5918648,8499.2,8458.5,0.14797456812999998,8432.341694971428,8188.135167322001,8085.674472353233,8212.951488405,8549.947495969749,7875.955480840252,8260.52960178905,75.84601714188933,8481.731977466665
36084,36184,2020-01-14 07:00:00,8489.5918648,8497.3,8526.5,8489.5918648,0.15540786704999998,8466.155980685715,8205.823167322,8092.879522858283,8234.29081274,8586.225383251518,7882.356242228483,8301.998049574364,76.22363109807617,8493.447288266667
36085,36185,2020-01-14 08:00:00,8497.2,8499.3,8519.9,8492.0,0.17141626691,8478.455980685714,8223.103167322,8100.526997605757,8255.20081274,8617.777036954947,7892.624588525054,8338.49028362544,76.32704457002558,8504.098644133332
36086,36186,2020-01-14 09:00:00,8499.31516025,8487.9,8539.0,8472.1,0.41266028293,8488.8702664,8238.021041146,8108.020936999697,8275.615812740001,8642.29971302642,7908.931912453584,8370.603449590388,74.34219985215795,8501.699999999997
36087,36187,2020-01-14 10:00:00,8487.89300394,8507.6,8515.9,8463.0,0.15649483341,8495.6702664,8254.365190724,8115.729017807777,8297.04459324,8665.356970608895,7928.732215871104,8398.86303563954,75.52657399536211,8497.583333333332
36088,36188,2020-01-14 11:00:00,8507.6,8509.9421967,8511.0,8497.5,0.07251867882,8494.233437357143,8270.442878592,8123.890050097677,8319.201703075001,8682.729997196251,7955.673408953751,8423.731471362797,75.67037000208904,8500.82369945
36089,36189,2020-01-14 12:00:00,8509.9421967,8487.0,8600.0,8463.0,0.8239250316400001,8496.94772307143,8287.10233806,8131.535504643131,8339.161703075,8693.394844211849,7984.928561938152,8445.61569479926,71.25407496219488,8511.407032783332
36090,36190,2020-01-14 13:00:00,8487.00194253,8569.0,8569.1,8486.7,0.43987325573999997,8508.291742385714,8306.618338060001,8139.580959188586,8363.386703075,8710.846524815199,8015.926881334803,8463.0,76.52712651117326,8529.133333333331
36091,36191,2020-01-14 14:00:00,8569.1,8676.6,8712.6,8549.5,1.20767738962,8533.9060281,8330.49833806,8148.118332925959,8392.366703074998,8742.790881582712,8041.942524567285,8463.0,81.35919864639085,8593.916666666664
36092,36192,2020-01-14 15:00:00,8676.6,8657.71217552,8708.0,8621.0,1.12805067249,8556.53633888857,8353.6458494808,8155.81441550697,8420.002311851,8762.50474532452,8077.499878377479,8486.7,78.31166871630116,8654.235362586664
36093,36193,2020-01-14 16:00:00,8661.5,8651.7,8672.7,8473.0,1.5746908021300001,8579.936338888572,8377.041849480802,8163.793203385757,8445.327311851,8777.55614271048,8113.098480991522,8712.6,77.31886998966218,8630.685362586664
36094,36194,2020-01-14 17:00:00,8651.8,8727.4,8755.0,8640.4,1.60288833704,8611.336338888572,8402.6258494808,8171.501284193839,8475.197311851001,8795.874510938065,8154.520112763938,8473.0,80.64589939517116,8653.366666666665
36095,36195,2020-01-14 18:00:00,8728.4790361,8742.8,8779.0,8631.9,0.93269846451,8644.60173936,8428.9578494808,8178.494213486768,8506.822311851,8800.97454049461,8212.67008320739,8473.0,81.24851065669901,8712.75
36096,36196,2020-01-14 19:00:00,8741.6,8747.4,8750.0,8667.0,0.42866076399,8681.80173936,8454.973849480799,8186.62855692111,8539.402311851,8784.488755081014,8294.315868620984,8485.24,81.43445956768738,8719.683333333332
36097,36197,2020-01-14 20:00:00,8747.4,8670.08670556,8747.4,8610.4,0.57758000188,8696.242697297143,8477.5773177032,8193.789028694444,8559.876647129,8774.958276674504,8344.795017583496,8496.9904,69.0421268641136,8698.714450926665
36098,36198,2020-01-14 21:00:00,8670.0,8709.6,8736.9,8650.0,0.17154682139,8700.956983011429,8500.153317703202,8200.855695361111,8574.696647129002,8788.149654801244,8361.24363945676,8508.270784,71.43466013630024,8687.39778426
36099,36199,2020-01-14 22:00:00,8709.5,8686.7,8759.0,8686.59109449,0.5021909519000001,8705.098100794286,8522.4213177032,8207.281957987374,8588.281647129,8793.786693233322,8382.77660102468,8519.099952640001,68.14755154320562,8704.798515748333
36100,36200,2020-01-14 23:00:00,8686.7,8772.6,8829.0,8674.9,0.95643742136,8722.369529365713,8548.9133177032,8214.525392330808,8603.911647129,8815.473815810738,8392.349478447262,8529.4959545344,73.14038633046894,8734.798515748333
36101,36201,2020-01-15 00:00:00,8771.0,8728.8778924,8859.7,8661.5,0.8924180109400001,8722.580656851429,8574.236433399199,8221.493855890403,8614.355541749,8828.9186584877,8399.7924250103,8547.466197262336,67.35335031038596,8754.429648733334
36102,36202,2020-01-15 01:00:00,8726.7,8729.2,8760.4,8671.4,0.5153828013999999,8720.637799708571,8592.9804333992,8228.069613466161,8627.415541749,8836.482367579121,8418.348715918879,8572.444901481349,67.37383123601228,8735.179648733334
36103,36203,2020-01-15 02:00:00,8728.4,8780.0757165,8783.5,8720.0,0.28044577674,8725.305759208572,8607.6554620592,8234.085529794445,8641.939734333999,8851.049948305343,8432.829520362655,8595.425309362841,70.51967715002394,8740.762619416666
36104,36204,2020-01-15 03:00:00,8780.1,8707.0,8780.1,8700.3,0.22793133583,8730.579086985714,8619.3354620592,8239.655226764142,8652.424734334,8852.299139326733,8452.550329341266,8616.567284613813,61.36690197757831,8745.162619416666
36105,36205,2020-01-15 04:00:00,8704.67240448,8583.8,8711.7,8568.4,0.64820544809,8712.607658414287,8624.2874620592,8243.565738208285,8656.649734334,8846.730794018302,8466.568674649698,8859.7,49.663718326471795,8675.216666666665
36106,36206,2020-01-15 05:00:00,8583.2,8591.8,8625.8,8560.1,0.21417970338999998,8699.050515557143,8627.1594620592,8247.549675594142,8661.844734334,8838.391216008891,8485.298252659108,8853.874,50.3261808813841,8606.933333333332
36107,36207,2020-01-15 06:00:00,8590.43592544,8652.9,8663.2,8590.4,0.11669160259,8681.950515557142,8634.5554620592,8252.63957458404,8669.109734334,8831.020985741328,8507.198482926673,8842.12304,55.17802762478691,8614.033333333333
36108,36208,2020-01-15 07:00:00,8652.851212,8597.0,8653.1,8583.2,0.23600553452,8663.110816642857,8638.8517874672,8257.521392765859,8673.462624499,8822.165564856545,8524.759684141454,8830.8421184,50.33410543549127,8623.3
36109,36209,2020-01-15 08:00:00,8597.1,8612.5,8633.1,8574.9,0.13039010795,8646.439388071429,8643.4597874672,8262.950973060808,8679.737624499,8805.215464060917,8554.259784937081,8820.012433664,51.60279634721563,8608.966666666667
36110,36210,2020-01-15 09:00:00,8612.4,8717.1,8740.9,8611.9,0.2048942125,8637.442857142856,8652.1717874672,8269.08127609111,8687.142624499,8802.69338064452,8571.59186835348,8809.61593631744,59.18068101379126,8648.4
36111,36211,2020-01-15 10:00:00,8719.1,8767.2,8767.2,8695.3,0.3306126559,8646.042857142858,8663.3437874672,8276.17016498,8691.672624499,8812.211004005092,8571.134244992909,8799.635298864741,62.23105637701617,8716.599999999999
36112,36212,2020-01-15 11:00:00,8767.2,8683.8,8772.6,8669.8,0.5052051802199999,8660.32857142857,8670.391787467199,8282.48430639414,8692.977015723,8812.578137843248,8573.375893602752,8790.053886910151,54.879031374283954,8725.983333333332
36113,36213,2020-01-15 12:00:00,8683.8,8736.2,8745.9,8682.3,0.429753897,8680.957142857143,8679.4420995992,8288.84964569303,8697.202015723,8816.642012294426,8577.762019151574,8780.855731433745,58.2189014774806,8715.099999999999
36114,36214,2020-01-15 13:00:00,8736.2955733,8861.8,8873.0,8734.84713761,0.8487047063500001,8710.8,8694.4340995992,8297.124393167778,8703.922015723,8842.923435916138,8564.92059552986,8560.1,64.92139641172517,8772.341189601666
36115,36215,2020-01-15 14:00:00,8865.9,8830.8,8872.3,8731.1,0.64777093491,8744.2,8704.906099599199,8305.197120440505,8708.322015722999,8857.188599825198,8559.4554316208,8566.358,62.26638125724837,8817.307856268333
36116,36216,2020-01-15 15:00:00,8830.9,8745.8,8840.5,8710.0,0.52718537701,8763.242857142857,8707.6740995992,8312.34560528899,8708.242015722999,8857.026209615766,8559.457821830232,8572.49084,55.55731176286202,8788.416666666664
36117,36217,2020-01-15 16:00:00,8745.8,8762.1,8789.6,8656.0,0.49707614032999997,8769.671428571428,8711.8496125784,8319.26883761222,8712.842680445,8862.3118841096,8563.373476780398,8578.5010232,56.52470830464527,8750.666666666664
36118,36218,2020-01-15 17:00:00,8762.15026036,8760.0,8762.2,8713.8,0.12451355432,8768.642857142857,8716.1816125784,8326.496110339494,8715.362680445,8866.221226130543,8564.504134759456,8584.391002736,56.354512331804266,8740.616666666665
36119,36219,2020-01-15 18:00:00,8760.0,8733.3,8760.0,8702.9,0.23584623677,8775.714285714286,8716.4176125784,8333.018332561716,8717.692680445001,8868.14740733273,8567.237953557273,8590.163182681279,54.12314720074429,8738.699999999999
36120,36220,2020-01-15 19:00:00,8733.3,8745.7,8760.0,8732.7,0.22870286957,8777.07142857143,8716.5336125784,8339.05065579404,8716.347680445,8865.288299432736,8567.407061457265,8595.819919027654,55.01401706386164,8739.099999999999
36121,36221,2020-01-15 20:00:00,8744.239854,8780.8,8800.0,8730.0,0.23329583054,8765.5,8717.8696125784,8345.45772650111,8718.943785825,8870.455395904059,8567.432175745942,8601.3635206471,57.528170255657805,8758.199999999999
36122,36222,2020-01-15 21:00:00,8780.8,8812.1,8825.0,8773.9,0.29006578237,8762.82857142857,8723.550144356,8352.14560528899,8723.088785824999,8879.937827743619,8566.239743906379,8606.796250234158,59.69154889371254,8786.966666666665
36123,36223,2020-01-15 22:00:00,8812.1,8840.0,8840.0,8796.1,0.21736700357,8776.285714285714,8728.766144356,8359.192069935454,8726.085,8889.332839494678,8562.83716050532,8612.120325229474,61.5706046464411,8814.516666666666
36124,36224,2020-01-15 23:00:00,8839.905138,8807.7,8850.0,8789.0,0.19647484122,8782.8,8733.606144356,8365.891059834445,8731.119999999999,8897.876728199126,8564.363271800872,8617.337918724885,58.18867163294902,8820.466666666667
36125,36225,2020-01-16 00:00:00,8807.7,8738.6,8839.9,8680.1,0.83956616651,8779.742857142857,8732.246144356,8372.432473975858,8738.86,8891.30254524139,8586.417454758612,8622.451160350387,51.652236950239846,8784.216666666667
36126,36226,2020-01-16 01:00:00,8738.6923136,8636.2,8743.2,8600.0,0.34116575886,8765.871428571429,8728.539028660001,8378.204191147575,8741.079999999998,8885.998951140527,8596.161048859469,8873.0,43.80015654534011,8706.333333333332
36127,36227,2020-01-16 02:00:00,8636.2,8634.7,8665.0,8600.0,0.16225874497,8750.014285714287,8724.759028659999,8384.476918420303,8740.17,8887.500880672287,8592.839119327713,8867.54,43.69536964186058,8646.516666666666
36128,36228,2020-01-16 03:00:00,8634.6,8630.0,8635.9,8579.8,0.26421084034000003,8728.471428571429,8718.756,8390.232473975859,8741.82,8883.324255765227,8600.315744234773,8862.1892,43.34545174140776,8624.233333333332
36129,36229,2020-01-16 04:00:00,8630.0,8637.4,8653.0,8611.7,0.08615076048999999,8703.514285714287,8715.972000000002,8396.155720881112,8743.064999999999,8880.372061361277,8605.75793863872,8850.893632000001,44.10442541581656,8624.633333333331
36130,36230,2020-01-16 05:00:00,8637.5,8687.3,8690.0,8636.2,0.21036735184,8681.7,8720.112,8402.282993608384,8741.575,8880.612619008925,8602.537380991076,8840.04988672,49.060107779398884,8652.599999999999
36131,36231,2020-01-16 06:00:00,8687.3,8689.95139806,8690.0,8659.7,0.0759395626,8664.878771151429,8724.0380559224,8408.464320861514,8737.712569903,8877.974671573795,8597.450468232206,8829.6398912512,49.31723344120891,8675.525233009997
36132,36232,2020-01-16 07:00:00,8690.0,8650.7825112,8690.0,8636.5,0.09747725778,8652.333415608571,8723.953356370399,8414.388386631212,8736.061695462999,8879.562948426013,8592.560442499984,8819.646295601151,45.65124566971964,8669.488984876665
36133,36233,2020-01-16 08:00:00,8650.8,8650.92706608,8690.0,8637.9,0.09694119811,8654.437282191428,8726.1104390136,8420.128053965354,8731.798048767001,8880.019073145364,8583.577024388638,8810.052443777106,45.66729769456239,8659.351596213332
36134,36234,2020-01-16 09:00:00,8651.0,8629.8,8654.0,8597.0,0.15785644733,8653.737282191429,8726.8024390136,8425.725023662324,8720.198048766999,8862.08480288223,8578.311294651769,8800.842346026022,43.638667763969906,8643.271177679999
36135,36235,2020-01-16 10:00:00,8629.89359697,8632.6,8633.2,8580.7,0.09519387715000001,8654.108710762857,8723.4224390136,8431.294379005756,8710.288048767,8847.500088689194,8573.076008844808,8792.000652184981,43.99375697738142,8621.216666666667
36136,36236,2020-01-16 11:00:00,8632.6,8704.6,8710.0,8611.0,0.13518185679,8663.708710762858,8720.9184390136,8437.225692137072,8708.228048767001,8844.479362681,8571.976734853002,8783.512626097581,52.313514910718716,8645.349999999999
36137,36237,2020-01-16 12:00:00,8704.5,8693.9,8748.0,8681.7,0.17261092058,8664.651567905714,8721.3224390136,8443.034783046161,8704.818048767,8838.902087017854,8570.734010516146,8775.364121053677,51.09867280789874,8691.533333333333
36138,36238,2020-01-16 13:00:00,8693.8219132,8669.8,8707.1,8647.3,0.10829665319,8661.772796754285,8718.6664390136,8448.692358803737,8700.308048767,8832.721840016902,8567.894257517097,8767.54155621153,48.373872155172926,8691.3
36139,36239,2020-01-16 14:00:00,8669.81504997,8668.2,8670.8,8625.1,0.15967879922,8664.261009439999,8710.9224390136,8454.446904258282,8697.053048767,8829.263198162073,8564.842899371928,8760.031893963069,48.19014600286403,8664.716666666665
36140,36240,2020-01-16 15:00:00,8668.2,8701.1,8712.30468525,8663.1,0.35433028274,8671.42857142857,8705.7344390136,8460.262055773435,8694.823048767,8825.16721776996,8564.478879764041,8752.822618204546,52.20955158714125,8673.434114208332
36141,36241,2020-01-16 16:00:00,8701.10099658,8638.9,8701.10099658,8607.1,0.56843257782,8672.728571428572,8701.458439013599,8465.188318399696,8687.728048767,8813.963212414421,8561.492885119578,8745.901713476364,45.08778786068148,8670.600946971666
36142,36242,2020-01-16 17:00:00,8638.6,8669.5,8695.5,8638.0,0.33149341179999997,8678.0,8697.7544390136,8470.768116379495,8680.598048767,8793.313375332491,8567.88272220151,8739.257644937308,48.788782246802484,8658.350166096665
36143,36243,2020-01-16 18:00:00,8669.5,8677.2,8685.8,8649.35584979,0.12729156269,8674.085714285715,8694.442439013601,8476.21559112697,8672.458048767001,8758.249769687363,8586.666327846639,8732.879339139816,49.70734333956812,8669.225974964998
36144,36244,2020-01-16 19:00:00,8677.2,8691.6,8706.5,8675.7,0.15960112426,8673.757142857143,8692.7744390136,8482.32771233909,8666.653048766999,8726.99070751525,8606.315390018748,8726.756165574223,51.46078819918159,8681.025974965
36145,36245,2020-01-16 20:00:00,8691.7,8736.4,8737.6,8689.7,0.30047292453,8683.271428571428,8692.4024390136,8488.928965489798,8666.543048767,8726.361435122162,8606.724662411838,8579.8,56.53770866329524,8706.25
36146,36246,2020-01-16 21:00:00,8736.4,8679.2,8740.0,8673.0,0.26061681034,8684.842857142858,8688.3384390136,8494.74411700495,8668.693048767,8727.068119707785,8610.317977826215,8582.956,49.42897929951565,8709.316666666666
36147,36247,2020-01-16 22:00:00,8679.2,8716.7,8724.0,8679.2,0.08791659730000001,8687.07142857143,8684.522439013599,8500.865329126162,8672.793048767,8732.54450822852,8613.04158930548,8589.23776,53.552219760568036,8702.016666666666
36148,36248,2020-01-16 23:00:00,8716.75451214,8720.6,8725.1,8716.0,0.1185310178,8698.742857142857,8679.7464390136,8506.887551348384,8677.323048767,8737.14783644287,8617.498261091132,8595.2682496,53.972532013663475,8713.599999999999
36149,36249,2020-01-17 00:00:00,8719.54720583,8679.1,8724.8,8674.2,0.28679130578,8700.114285714286,8674.6024390136,8512.74512710596,8679.408048767,8736.359588404028,8622.456509129972,8601.057519615999,48.901488480906714,8706.633333333331
36150,36250,2020-01-17 01:00:00,8679.0,8721.0,8721.2,8678.66526327,0.19068423788000002,8706.371428571429,8673.898439013601,8518.531995792828,8681.093048767,8740.806049609762,8621.380047924236,8606.615218831359,53.63778943864931,8699.827543878333
36151,36251,2020-01-17 02:00:00,8721.0,8747.8,8772.5,8719.3,0.34139806707000003,8714.4,8678.3624390136,8524.320884681718,8683.985478864,8750.366554934692,8617.60440279331,8611.950610078105,56.42020310448333,8726.744210544999
36152,36252,2020-01-17 03:00:00,8747.9,8780.5,8833.9,8747.8,0.43208021866,8720.7,8684.1944390136,8530.781111110808,8690.471353304001,8767.157102547104,8613.785604060899,8621.58357347342,59.60568711678806,8766.966666666665
36153,36253,2020-01-17 04:00:00,8780.6,8793.3,8797.2,8749.0,0.16091914043,8737.0,8690.7264390136,8537.31327312394,8697.59,8784.076990927522,8611.103009072478,8638.568887595546,60.81315996093927,8783.616666666665
36154,36254,2020-01-17 05:00:00,8793.3,8882.6052447,8888.0,8783.7,0.5603391288799999,8760.700749242857,8700.5346488016,8545.03958872697,8710.230262235,8823.225509995653,8597.235014474347,8654.195376587903,68.0002814257484,8815.634207449999
36155,36255,2020-01-17 06:00:00,8882.6,8844.5,8978.9,8824.2,1.7277010266100001,8778.400749242857,8706.8226488016,8552.55676044414,8720.825262235001,8842.148346969303,8599.502177500699,8677.575838929111,62.71488188475433,8866.98420745
36156,36256,2020-01-17 07:00:00,8844.5,8916.0,8925.5,8827.7,0.45796671555,8812.243606385715,8715.864592879201,8560.669891757272,8731.395262235,8879.173390233864,8583.617134236138,8713.734738257617,67.77606102369454,8886.133333333331
36157,36257,2020-01-17 08:00:00,8916.0,8906.8,8987.0,8890.0,0.56081993384,8838.786463528571,8726.1052924312,8568.981213027979,8742.040262235,8907.13810135747,8576.942423112529,8745.554569666703,66.52474820263075,8908.833333333332
36158,36258,2020-01-17 09:00:00,8906.8,8950.8,8968.1,8906.8,0.30768628232000006,8867.786463528571,8738.100209788001,8578.028687775455,8756.090262235,8940.86060890266,8571.319915567341,8779.356929913365,69.43153227380225,8934.916666666664
36159,36259,2020-01-17 10:00:00,8951.2,8909.6,9000.0,8860.5,0.6226416688699999,8886.229320671428,8749.292209788,8586.536768583535,8768.160262235,8959.799114470836,8576.521409999164,8808.426959725493,63.841418225339574,8932.633333333331
36160,36260,2020-01-17 11:00:00,8909.7,8884.8,8925.8,8874.2,0.50588745564,8899.300749242857,8759.380209788,8594.31299934717,8777.345262235,8972.817875961924,8581.872648508075,8839.078646169415,60.67469110940539,8909.149999999998
36161,36261,2020-01-17 12:00:00,8884.8,8788.0,8895.8,8785.3,0.36567741946,8885.785714285714,8762.716209788,8601.272633078988,8784.800262235,8969.669191959645,8599.931332510354,9000.0,50.20640468682815,8858.983333333332
36162,36262,2020-01-17 13:00:00,8788.2,8823.3,8845.0,8788.2,0.17962437372,8882.757142857143,8767.892209788,8608.497885604242,8792.490262235,8970.191113794113,8614.789410675887,8995.706,53.36615849943926,8820.933333333332
36163,36263,2020-01-17 14:00:00,8824.3,8760.3,8824.3,8757.1,0.23011037021000003,8860.514285714284,8771.512209788,8615.46542587394,8796.645262234999,8967.107604786484,8626.182919683513,8991.49788,47.5649635891996,8799.7
36164,36264,2020-01-17 15:00:00,8758.4,8843.6,8849.3,8756.9,0.62893715143,8851.485714285714,8778.528209788,8623.16744607596,8804.245262235,8968.745773736477,8639.744750733522,8982.1219648,54.593412815940425,8798.583333333332
36165,36265,2020-01-17 16:00:00,8843.6,8850.9,8899.8,8827.4,0.91007581734,8837.214285714286,8784.520209788001,8630.95835516687,8809.970262234998,8972.586536862975,8647.35398760702,8968.608646912,55.16064367486604,8837.983333333334
36166,36266,2020-01-17 17:00:00,8850.9,8860.0,8881.4,8848.0,0.18624976495,8830.128571428571,8793.364209788,8638.846997692122,8819.010262235,8971.317809681084,8666.702714788917,8955.90612809728,55.90021602521283,8861.25
36167,36267,2020-01-17 18:00:00,8860.0,8894.6,8919.6,8859.4,0.38792955636,8831.528571428571,8802.368209788001,8647.208613853738,8827.905262235,8975.994386239408,8679.81613823059,8943.965760411444,58.69015228012754,8877.166666666664
36168,36268,2020-01-17 19:00:00,8893.7,8843.9,8928.1,8785.0,0.22701507169000001,8839.514285714284,8809.036209788,8654.845987591112,8834.070262234998,8973.808024543401,8694.332499926595,8932.741814786757,53.36278265031602,8871.766666666666
36169,36269,2020-01-17 20:00:00,8850.6801659,8851.1,8903.6,8839.0,0.11466920418,8843.485714285714,8815.416209788,8662.589421934546,8842.670262235,8963.026600552459,8722.313923917542,8928.1,54.00134302667563,8858.449999999999
36170,36270,2020-01-17 21:00:00,8851.1,8881.0,8905.2,8847.4,0.054591455680000005,8860.728571428572,8821.200209788,8670.508613853737,8850.670262235,8958.200497007096,8743.140027462905,8928.1,56.655500602951484,8871.216666666665
36171,36271,2020-01-17 22:00:00,8881.0,8914.0,8938.3,8860.6,0.1762179577,8870.785714285714,8830.592209788001,8678.680331025455,8858.980262235,8958.841165278956,8759.119359191043,8756.9,59.43736014215564,8891.083333333332
36172,36272,2020-01-17 23:00:00,8910.954976,8875.4,8930.0,8875.4,0.0768608348,8874.285714285714,8836.940209788001,8686.056088601214,8863.725262235,8957.021731098035,8770.428793371966,8760.528,54.99150924241622,8898.949999999999
36173,36273,2020-01-18 00:00:00,8875.5,8962.1,8963.7,8846.0,0.24368467169,8888.871428571429,8846.600209788001,8694.461139106263,8872.165262235,8968.927191712448,8775.40333275755,8764.08344,61.88726637134873,8908.766666666666
36174,36274,2020-01-18 01:00:00,8962.0,8908.0,8965.0,8869.8,0.17207304472,8890.785714285714,8855.756209788,8702.518714863838,8873.435,8971.370943859207,8775.499056140792,8772.0681024,56.11038310562953,8919.099999999999
36175,36275,2020-01-18 02:00:00,8908.0,8905.7,8923.1,8882.1,0.07622618068,8899.614285714286,8863.144209787999,8710.699522944646,8876.494999999999,8974.447814658855,8778.542185341143,8783.644016256001,55.87160270545009,8908.949999999999
36176,36276,2020-01-18 03:00:00,8905.6886688,8912.56896936,8927.1,8892.6,0.07332524977,8908.395567051428,8869.7349685624,8717.285068089695,8876.323448468,8974.010568539978,8778.636328396022,8794.52537528064,56.46742699697252,8907.194828226664
36177,36277,2020-01-18 04:00:00,8912.5,8829.4,8912.56896936,8810.0,0.18670854649000002,8901.02413848,8871.6909685624,8721.489108493737,8872.453448468,8971.132036786483,8773.774860149519,8804.753852763803,48.01417285021174,8880.706323119997
36178,36278,2020-01-18 05:00:00,8829.4,8830.6,8840.4,8791.12468089,0.07117347524,8889.109852765714,8873.1829685624,8725.687088291717,8866.443448467999,8959.801304028599,8773.085592907399,8965.0,48.13481705107856,8835.682275041665
36179,36279,2020-01-18 06:00:00,8831.7,8845.02598153,8845.9,8798.2,0.044324286209999994,8884.770707270001,8871.679798035599,8729.576239620304,8863.2147475445,8954.829348707433,8771.600146381566,8961.5224936178,49.647646859644865,8825.208443736665
36180,36280,2020-01-18 07:00:00,8845.0,8833.0,8855.3,8833.0,0.03811706395,8866.327850127143,8871.2197980356,8732.73785578192,8860.6247475445,8952.580194992526,8768.669300096473,8958.114537363244,48.38073481992876,8835.070996921666
36181,36281,2020-01-18 08:00:00,8833.0,8845.3587056,8847.3,8806.65180453,0.08895364055,8857.379093784286,8868.3941462596,8736.54955987889,8863.492682824499,8949.601008324615,8777.384357324383,8954.774740233779,49.79849149100727,8836.768418354997
36182,36282,2020-01-18 09:00:00,8845.3,8859.8,8884.0,8838.0,0.21314643231,8850.821950927142,8866.5141462596,8740.28903599202,8865.317682824501,8949.466111515683,8781.16925413332,8951.501739046904,51.47562505137496,8846.851751688333
36183,36283,2020-01-18 10:00:00,8859.9,8878.7,8888.8,8839.92421233,0.12559667542,8845.983526732858,8863.6301462596,8744.141561244547,8871.2376828245,8940.309000986404,8802.166364662595,8948.294197883766,53.65769601188838,8864.870702055
36184,36284,2020-01-18 11:00:00,8878.721544,8851.1,8878.721544,8843.1,0.03890326066,8849.083526732857,8861.290146259598,8747.695096598081,8871.6126828245,8940.159173939284,8803.066191709715,8945.15080754389,50.11366855902081,8863.390959388333
36185,36285,2020-01-18 12:00:00,8854.9,8899.7,8900.0,8854.9,0.04910157719,8858.954955304285,8861.8861462596,8751.854692557676,8874.0526828245,8942.949587511239,8805.155778137761,8942.070285010812,55.666437002294366,8871.253590666667
36186,36286,2020-01-18 13:00:00,8899.7,8907.32304,8932.7,8890.2,0.1583365806,8867.854535085715,8866.6590678596,8755.892299022324,8876.418834824499,8946.463652824601,8806.374016824397,8939.051372928396,56.484614338238494,8897.470506666665
36187,36287,2020-01-18 14:00:00,8907.3,8911.4,8952.3,8887.61466351,0.31738796524999996,8879.054535085714,8870.1830678596,8759.947428348585,8877.2588348245,8948.547540512332,8805.97012913667,8791.12468089,56.942290891038894,8913.589617251666
36188,36288,2020-01-18 15:00:00,8911.4,8867.98394291,8939.8,8841.1,0.44123167941,8882.286711844286,8874.490425576,8763.795751004242,8878.46303197,8948.255019672173,8808.671044267829,8794.3481872722,50.81326393331,8900.03310107
36189,36289,2020-01-18 16:00:00,8868.0,8852.4,8917.8,8825.6,0.27391276821000005,8881.229568987143,8874.842425575998,8766.658377266867,8878.52803197,8948.220311820753,8808.835752119247,8797.507223526756,48.78351941653535,8874.113990484999
36190,36290,2020-01-18 17:00:00,8856.6,8889.7,8900.4,8847.8,0.23555937017,8882.800997558572,8876.394425576,8768.810902519393,8878.96303197,8948.8200102867,8809.106053653302,8800.603079056222,53.5646357185772,8872.283333333333
36191,36291,2020-01-18 18:00:00,8889.61100798,8866.0,8889.8,8859.7,0.05426722996,8884.929568987141,8876.634425576,8770.914819938384,8876.563031970001,8944.717618267368,8808.408445672634,8803.637017475097,50.34852824101041,8875.566666666666
36192,36292,2020-01-18 19:00:00,8866.09850647,8887.9,8894.6,8859.2,0.03109627237,8883.243854701428,8876.366425576,8773.300678524243,8877.188031970001,8945.517527603402,8808.8585363366,8806.610277125596,53.147908119183015,8876.199999999999
36193,36293,2020-01-18 20:00:00,8887.9,8889.38919193,8898.4,8886.0,0.052337471489999995,8880.681876405713,8878.1859932532,8774.936932988181,8873.552491566501,8930.154757911088,8816.950225221914,8809.524071583084,53.34055435500394,8885.914865321665
36194,36294,2020-01-18 21:00:00,8890.16554811,8904.9,8905.0,8889.7,0.04973194574,8879.753304977143,8880.337993253199,8776.574306725555,8873.3974915665,8929.637402171747,8817.157580961253,8812.379590151422,55.3976646298898,8895.564865321667
36195,36295,2020-01-18 22:00:00,8905.0,8930.3,8930.3,8904.2,0.17913319651,8888.655598847143,8882.309993253199,8778.42178147303,8874.6274915665,8934.592186411643,8814.662796721357,8815.177998348394,58.61533408893356,8910.733333333334
36196,36296,2020-01-18 23:00:00,8930.3,8891.6,8937.0,8891.49644442,0.24644426433000002,8894.255598847143,8881.4139932532,8780.659289497678,8873.5790430985,8931.553776493192,8815.604309703807,8817.920438381427,52.411344479081095,8914.149407403333
36197,36297,2020-01-19 00:00:00,8891.5,8959.03943225,8964.4,8870.1,0.21929718840999998,8904.161232025714,8884.7595705432,8783.178879722424,8880.061014711,8945.355301912912,8814.766727509088,8820.608029613799,60.297499362601506,8918.939312778333
36198,36298,2020-01-19 01:00:00,8959.1,9127.9,9150.0,8959.0,1.94456897131,8941.57551774,8891.3915705432,8787.63544537899,8894.926014711,9018.112966827546,8771.739062594454,8826.359708429247,72.55933561821764,9005.073238708334
36199,36299,2020-01-19 02:00:00,9130.2,9144.2,9163.5,9096.4,0.32276806748000003,8978.189803454286,8900.8395705432,8791.388980732525,8909.8847156345,9071.778123544023,8747.991307724977,8845.778125923493,73.41293118933253,9106.833333333332
36200,36300,2020-01-19 03:00:00,9144.2,9133.5,9169.5,9120.6,0.11472935086,9013.062776035715,8909.9515705432,8795.476072728485,8924.9097156345,9109.63919407604,8740.180237192959,8871.195875849613,71.83326972813819,9137.949999999997
36201,36301,2020-01-19 04:00:00,9133.7,9127.4,9137.0,9101.0,0.22099776271,9044.848490321428,8918.5448117688,8799.498294950707,8939.0117803545,9139.671436740104,8738.352123968896,8901.026288264651,70.89668275285572,9131.5
36202,36302,2020-01-19 05:00:00,9127.4,9105.8,9130.9,9099.1,0.08054939056,9069.919918892858,8929.6008117688,8802.788439228485,8951.3117803545,9160.99701711164,8741.626543597358,8927.873659438186,67.53866085780405,9116.866666666667
36203,36303,2020-01-19 06:00:00,9106.0,9040.0,9118.4,9014.9,0.6062188241400001,9091.119918892857,8937.9768117688,8806.152075592121,8959.376780354502,9169.677392682237,8749.076168026766,8952.036293494368,58.4554491604364,9084.85
36204,36304,2020-01-19 07:00:00,9039.9,9057.1,9068.1,9000.0,0.33345098442,9105.128571428571,8946.4597725076,8810.93288367293,8969.676780354499,9177.9246635231,8761.428897185899,8973.782664144932,59.9624362583687,9049.75
36205,36305,2020-01-19 08:00:00,9057.0,9075.5,9088.8,9048.4,0.18469059694,9097.642857142857,8956.1597725076,8815.818742258789,8978.466780354498,9188.98634060881,8767.947220100186,8993.354397730438,61.577492199153035,9056.316666666666
36206,36306,2020-01-19 09:00:00,9075.49285955,9045.0,9107.8,9035.1,0.1363174386,9083.471428571427,8964.1454242836,8819.779348319395,8985.3506283545,9195.117125444644,8775.584131264355,9000.0,57.44120960014583,9066.766666666666
36207,36307,2020-01-19 10:00:00,9045.0,9020.0,9060.4,9020.0,0.11646348592,9067.257142857143,8970.5534242836,8824.05207559212,8990.7806283545,9198.21837903105,8783.34287767795,9016.95,54.22592076183787,9048.05
36208,36308,2020-01-19 11:00:00,9020.0,8661.2,9020.0038544,8450.0,4.44029607391,9000.657142857142,8961.8534242836,8824.54399478404,8980.441431209,9228.053420703405,8732.829441714593,9169.5,29.07315678530206,8871.933975733333
36209,36309,2020-01-19 12:00:00,8661.2,8601.0,8662.5305536,8551.8,0.44177571171,8928.542857142858,8951.8494242836,8823.371267511313,8967.871431209,9261.462841273671,8674.280021144328,9155.11,26.82490133945595,8657.755734666665
36210,36310,2020-01-19 13:00:00,8601.0,8612.11912693,8614.0,8552.0,0.15824461968,8867.417018132857,8940.3461893608,8821.804794045958,8953.9923875555,9284.923181712433,8623.061593398566,9141.007800000001,27.933428164941077,8598.908280088332
36211,36311,2020-01-19 14:00:00,8612.1,8606.79554168,8627.0,8600.0,0.13804597011000003,8803.08780980143,8928.325089427999,8821.026971234645,8941.032164639499,9303.528949332624,8578.535379946374,9127.187644000001,27.7169339548894,8601.985778101665
36212,36312,2020-01-19 15:00:00,8606.6,8625.1,8632.52620371,8588.0,0.26790043633,8738.744952658571,8916.873089428,8819.904749012425,8927.8921646395,9315.334162440158,8540.45016683884,9113.643891120002,29.733478653766014,8613.236957565
36213,36313,2020-01-19 16:00:00,8625.0308144,8633.7,8656.4,8607.0,0.12554670792,8679.987809801429,8907.5017317116,8817.600708608385,8915.107705043,9323.116090001737,8507.099320084262,9100.371013297601,30.711523019784053,8623.787700618333
36214,36314,2020-01-19 17:00:00,8633.7,8645.0,8650.0,8609.2,0.09284971675,8626.41638123,8899.205731711601,8815.723940931615,8902.112705042999,9326.808074823404,8477.417335262593,9087.363593031649,32.049858957960566,8633.55
36215,36315,2020-01-19 18:00:00,8644.925185,8635.7,8644.925185,8616.9,0.10216179282,8622.773524087143,8889.0457317116,8814.611819719496,8887.382705043,9327.308274514919,8447.457135571083,9074.616321171015,31.510413652793176,8633.620864166665
36216,36316,2020-01-19 19:00:00,8635.6542272,8642.5,8646.6,8620.1,0.20638653588,8628.702095515715,8880.1057317116,8813.403738911415,8874.927705043,9327.590879274881,8422.264530811117,9062.123994747595,32.40626995967699,8634.4541975
36217,36317,2020-01-19 20:00:00,8642.5,8646.4,8650.3,8632.5,0.27254289639,8633.599363097144,8870.445731711601,8812.25626416394,8859.2957334305,9320.76787887745,8397.823587983548,9049.881514852643,32.94797897393276,8639.733333333334
36218,36318,2020-01-19 21:00:00,8646.41721086,8712.6,8752.1,8642.1,0.33811483392,8648.714285714286,8863.3741640344,8812.047173254849,8838.5307334305,9286.97925596224,8390.08221089876,9037.88388455559,41.51590123270036,8672.666666666668
36219,36319,2020-01-19 22:00:00,8712.7,8632.7,8739.2,8500.0,1.4015663198,8649.800000000001,8852.4861640344,8810.905759113435,8812.955733430501,9246.863872235015,8379.047594625987,9026.126206864477,35.60273042845829,8663.116666666667
36220,36320,2020-01-19 23:00:00,8632.6193096,8698.7,8718.7,8627.0,0.14187305241,8659.085714285715,8843.222164034401,8810.07646618414,8791.2157334305,9201.638578407534,8380.792888453465,9014.603682727187,42.84451657666248,8652.716666666667
